{"cameraMode":{"drawMode":0,"name":"Shaded","section":"Shading Mode"},"sceneLighting":true,"audioPlay":false,"sceneViewState":{"showFog":true,"showMaterialUpdate":false,"showSkybox":true,"showFlares":true,"showImageEffects":true,"showParticleSystems":true},"in2DMode":false,"pivot":{"x":4.625509738922119,"y":-3.312924861907959,"z":6.141036510467529},"rotation":{"x":-0.31865379214286806,"y":-0.0022775353863835336,"z":0.0007656452362425625,"w":-0.9478691816329956},"size":10.0,"orthographic":false}